Condition,Glucose,O2,CO2,Acetate,Propionate,Butyrate
Low,-1.0,-12.639999999999992,12.179999999999994,-2.0,0.0,-0.4
Mid,-1.0,-18.639999999999997,17.779999999999994,-4.0,0.0,-0.8
High,-1.0,-30.64,28.98,-8.0,0.0,-1.6
